Id,Type
tile5001.png,Normal
tile5002.png,Normal
tile5003.png,Normal
tile5004.png,Normal
tile5005.png,Normal
tile5006.png,Normal
tile5007.png,Normal
tile5008.png,Normal
tile5009.png,Normal
tile5010.png,Normal
tile5011.png,Normal
tile5012.png,Normal
tile5013.png,Normal
tile5014.png,Normal
tile5015.png,Normal
tile5016.png,Normal
tile5017.png,Normal
tile5018.png,Normal
tile5019.png,Normal
tile5020.png,Normal
tile5021.png,Normal
tile5022.png,Normal
tile5023.png,Normal
tile5024.png,Normal
tile5025.png,Normal
tile5026.png,Normal
tile5027.png,Normal
tile5028.png,Normal
tile5029.png,Normal
tile5030.png,Normal
tile5031.png,Normal
tile5032.png,Normal
tile5033.png,Normal
tile5034.png,Normal
tile5035.png,Normal
tile5036.png,Normal
tile5037.png,Normal
tile5038.png,Normal
tile5039.png,Normal
tile5040.png,Normal
tile5041.png,Normal
tile5042.png,Normal
tile5043.png,Normal
tile5044.png,Normal
tile5045.png,Normal
tile5046.png,Normal
tile5047.png,Normal
tile5048.png,Normal
tile5049.png,Normal
tile5050.png,Normal
tile5051.png,Normal
tile5052.png,Normal
tile5053.png,Normal
tile5054.png,Normal
tile5055.png,Normal
tile5056.png,Normal
tile5057.png,Normal
tile5058.png,Normal
tile5059.png,Normal
tile5060.png,Normal
tile5061.png,Normal
tile5062.png,Normal
tile5063.png,Normal
tile5064.png,Normal
tile5065.png,Normal
tile5066.png,Normal
tile5067.png,Normal
tile5068.png,Normal
tile5069.png,Normal
tile5070.png,Normal
tile5071.png,Normal
tile5072.png,Normal
tile5073.png,Normal
tile5074.png,Normal
tile5075.png,Normal
tile5076.png,Normal
tile5077.png,Normal
tile5078.png,Normal
tile5079.png,Normal
tile5080.png,Normal
tile5081.png,Normal
tile5082.png,Normal
tile5083.png,Normal
tile5084.png,Normal
tile5085.png,Normal
tile5086.png,Normal
tile5087.png,Normal
tile5088.png,Normal
tile5089.png,Normal
tile5090.png,Normal
tile5091.png,Normal
tile5092.png,Normal
tile5093.png,Normal
tile5094.png,Normal
tile5095.png,Normal
tile5096.png,Normal
tile5097.png,Normal
tile5098.png,Normal
tile5099.png,Normal
tile5100.png,Normal
tile5101.png,Normal
tile5102.png,Normal
tile5103.png,Normal
tile5104.png,Normal
tile5105.png,Normal
tile5106.png,Normal
tile5107.png,Normal
tile5108.png,Normal
tile5109.png,Normal
tile5110.png,Normal
tile5111.png,Normal
tile5112.png,Normal
tile5113.png,Normal
tile5114.png,Normal
tile5115.png,Normal
tile5116.png,Normal
tile5117.png,Normal
tile5118.png,Normal
tile5119.png,Normal
tile5120.png,Normal
tile5121.png,Normal
tile5122.png,Normal
tile5123.png,Normal
tile5124.png,Normal
tile5125.png,Normal
tile5126.png,Normal
tile5127.png,Normal
tile5128.png,Normal
tile5129.png,Normal
tile5130.png,Normal
tile5131.png,Normal
tile5132.png,Normal
tile5133.png,Normal
tile5134.png,Normal
tile5135.png,Normal
tile5136.png,Normal
tile5137.png,Normal
tile5138.png,Normal
tile5139.png,Normal
tile5140.png,Normal
tile5141.png,Normal
tile5142.png,Normal
tile5143.png,Normal
tile5144.png,Normal
tile5145.png,Normal
tile5146.png,Normal
tile5147.png,Normal
tile5148.png,Normal
tile5149.png,Normal
tile5150.png,Normal
tile5151.png,Normal
tile5152.png,Normal
tile5153.png,Normal
tile5154.png,Normal
tile5155.png,Normal
tile5156.png,Normal
tile5157.png,Normal
tile5158.png,Normal
tile5159.png,Normal
tile5160.png,Normal
tile5161.png,Normal
tile5162.png,Normal
tile5163.png,Normal
tile5164.png,Normal
tile5165.png,Normal
tile5166.png,Normal
tile5167.png,Normal
tile5168.png,Normal
tile5169.png,Normal
tile5170.png,Normal
tile5171.png,Normal
tile5172.png,Normal
tile5173.png,Normal
tile5174.png,Normal
tile5175.png,Normal
tile5176.png,Normal
tile5177.png,Normal
tile5178.png,Normal
tile5179.png,Normal
tile5180.png,Normal
tile5181.png,Normal
tile5182.png,Normal
tile5183.png,Normal
tile5184.png,Normal
tile5185.png,Normal
tile5186.png,Normal
tile5187.png,Normal
tile5188.png,Normal
tile5189.png,Normal
tile5190.png,Normal
tile5191.png,Normal
tile5192.png,Normal
tile5193.png,Normal
tile5194.png,Normal
tile5195.png,Normal
tile5196.png,Normal
tile5197.png,Normal
tile5198.png,Normal
tile5199.png,Normal
tile5200.png,Normal
tile5201.png,Normal
tile5202.png,Normal
tile5203.png,Normal
tile5204.png,Normal
tile5205.png,Normal
tile5206.png,Normal
tile5207.png,Normal
tile5208.png,Normal
tile5209.png,Normal
tile5210.png,Normal
tile5211.png,Normal
tile5212.png,Normal
tile5213.png,Normal
tile5214.png,Normal
tile5215.png,Normal
tile5216.png,Normal
tile5217.png,Normal
tile5218.png,Normal
tile5219.png,Normal
tile5220.png,Normal
tile5221.png,Normal
tile5222.png,Normal
tile5223.png,Normal
tile5224.png,Normal
tile5225.png,Normal
tile5226.png,Normal
tile5227.png,Normal
tile5228.png,Normal
tile5229.png,Normal
tile5230.png,Normal
tile5231.png,Normal
tile5232.png,Normal
tile5233.png,Normal
tile5234.png,Normal
tile5235.png,Normal
tile5236.png,Normal
tile5237.png,Normal
tile5238.png,Normal
tile5239.png,Normal
tile5240.png,Normal
tile5241.png,Normal
tile5242.png,Normal
tile5243.png,Normal
tile5244.png,Normal
tile5245.png,Normal
tile5246.png,Normal
tile5247.png,Normal
tile5248.png,Normal
tile5249.png,Normal
tile5250.png,Normal
tile5251.png,Normal
tile5252.png,Normal
tile5253.png,Normal
tile5254.png,Normal
tile5255.png,Normal
tile5256.png,Normal
tile5257.png,Normal
tile5258.png,Normal
tile5259.png,Normal
tile5260.png,Normal
tile5261.png,Normal
tile5262.png,Normal
tile5263.png,Normal
tile5264.png,Normal
tile5265.png,Normal
tile5266.png,Normal
tile5267.png,Normal
tile5268.png,Normal
tile5269.png,Normal
tile5270.png,Normal
tile5271.png,Normal
tile5272.png,Normal
tile5273.png,Normal
tile5274.png,Normal
tile5275.png,Normal
tile5276.png,Normal
tile5277.png,Normal
tile5278.png,Normal
tile5279.png,Normal
tile5280.png,Normal
tile5281.png,Normal
tile5282.png,Normal
tile5283.png,Normal
tile5284.png,Normal
tile5285.png,Normal
tile5286.png,Normal
tile5287.png,Normal
tile5288.png,Normal
tile5289.png,Normal
tile5290.png,Normal
tile5291.png,Normal
tile5292.png,Normal
tile5293.png,Normal
tile5294.png,Normal
tile5295.png,Normal
tile5296.png,Normal
tile5297.png,Normal
tile5298.png,Normal
tile5299.png,Normal
tile5300.png,Normal
tile5301.png,Normal
tile5302.png,Normal
tile5303.png,Normal
tile5304.png,Normal
tile5305.png,Normal
tile5306.png,Normal
tile5307.png,Normal
tile5308.png,Normal
tile5309.png,Normal
tile5310.png,Normal
tile5311.png,Normal
tile5312.png,Normal
tile5313.png,Normal
tile5314.png,Normal
tile5315.png,Normal
tile5316.png,Normal
tile5317.png,Normal
tile5318.png,Normal
tile5319.png,Normal
tile5320.png,Normal
tile5321.png,Normal
tile5322.png,Normal
tile5323.png,Normal
tile5324.png,Normal
tile5325.png,Normal
tile5326.png,Normal
tile5327.png,Normal
tile5328.png,Normal
tile5329.png,Normal
tile5330.png,Normal
tile5331.png,Normal
tile5332.png,Normal
tile5333.png,Normal
tile5334.png,Normal
tile5335.png,Normal
tile5336.png,Normal
tile5337.png,Normal
tile5338.png,Normal
tile5339.png,Normal
tile5340.png,Normal
tile5341.png,Normal
tile5342.png,Normal
tile5343.png,Normal
tile5344.png,Normal
tile5345.png,Normal
tile5346.png,Normal
tile5347.png,Normal
tile5348.png,Normal
tile5349.png,Normal
tile5350.png,Normal
tile5351.png,Normal
tile5352.png,Normal
tile5353.png,Normal
tile5354.png,Normal
tile5355.png,Normal
tile5356.png,Normal
tile5357.png,Normal
tile5358.png,Normal
tile5359.png,Normal
tile5360.png,Normal
tile5361.png,Normal
tile5362.png,Normal
tile5363.png,Normal
tile5364.png,Normal
tile5365.png,Normal
tile5366.png,Normal
tile5367.png,Normal
tile5368.png,Normal
tile5369.png,Normal
tile5370.png,Normal
tile5371.png,Normal
tile5372.png,Normal
tile5373.png,Normal
tile5374.png,Normal
tile5375.png,Normal
tile5376.png,Normal
tile5377.png,Normal
tile5378.png,Normal
tile5379.png,Normal
tile5380.png,Normal
tile5381.png,Normal
tile5382.png,Normal
tile5383.png,Normal
tile5384.png,Normal
tile5385.png,Normal
tile5386.png,Normal
tile5387.png,Normal
tile5388.png,Normal
tile5389.png,Normal
tile5390.png,Normal
tile5391.png,Normal
tile5392.png,Normal
tile5393.png,Normal
tile5394.png,Normal
tile5395.png,Normal
tile5396.png,Normal
tile5397.png,Normal
tile5398.png,Normal
tile5399.png,Normal
tile5400.png,Normal
tile5401.png,Normal
tile5402.png,Normal
tile5403.png,Normal
tile5404.png,Normal
tile5405.png,Normal
tile5406.png,Normal
tile5407.png,Normal
tile5408.png,Normal
tile5409.png,Normal
tile5410.png,Normal
tile5411.png,Normal
tile5412.png,Normal
tile5413.png,Normal
tile5414.png,Normal
tile5415.png,Normal
tile5416.png,Normal
tile5417.png,Normal
tile5418.png,Normal
tile5419.png,Normal
tile5420.png,Normal
tile5421.png,Normal
tile5422.png,Normal
tile5423.png,Normal
tile5424.png,Normal
tile5425.png,Normal
tile5426.png,Normal
tile5427.png,Normal
tile5428.png,Normal
tile5429.png,Normal
tile5430.png,Normal
tile5431.png,Normal
tile5432.png,Normal
tile5433.png,Normal
tile5434.png,Normal
tile5435.png,Normal
tile5436.png,Normal
tile5437.png,Normal
tile5438.png,Normal
tile5439.png,Normal
tile5440.png,Normal
tile5441.png,Normal
tile5442.png,Normal
tile5443.png,Normal
tile5444.png,Normal
tile5445.png,Normal
tile5446.png,Normal
tile5447.png,Normal
tile5448.png,Normal
tile5449.png,Normal
tile5450.png,Normal
tile5451.png,Normal
tile5452.png,Normal
tile5453.png,Normal
tile5454.png,Normal
tile5455.png,Normal
tile5456.png,Normal
tile5457.png,Normal
tile5458.png,Normal
tile5459.png,Normal
tile5460.png,Normal
tile5461.png,Normal
tile5462.png,Normal
tile5463.png,Normal
tile5464.png,Normal
tile5465.png,Normal
tile5466.png,Normal
tile5467.png,Normal
tile5468.png,Normal
tile5469.png,Normal
tile5470.png,Normal
tile5471.png,Normal
tile5472.png,Normal
tile5473.png,Normal
tile5474.png,Normal
tile5475.png,Normal
tile5476.png,Normal
tile5477.png,Normal
tile5478.png,Normal
tile5479.png,Normal
tile5480.png,Normal
tile5481.png,Normal
tile5482.png,Normal
tile5483.png,Normal
tile5484.png,Normal
tile5485.png,Normal
tile5486.png,Normal
tile5487.png,Normal
tile5488.png,Normal
tile5489.png,Normal
tile5490.png,Normal
tile5491.png,Normal
tile5492.png,Normal
tile5493.png,Normal
tile5494.png,Normal
tile5495.png,Normal
tile5496.png,Normal
tile5497.png,Normal
tile5498.png,Normal
tile5499.png,Normal
tile5500.png,Normal
tile5501.png,Normal
tile5502.png,Normal
tile5503.png,Normal
tile5504.png,Normal
tile5505.png,Normal
tile5506.png,Normal
tile5507.png,Normal
tile5508.png,Normal
tile5509.png,Normal
tile5510.png,Normal
tile5511.png,Normal
tile5512.png,Normal
tile5513.png,Normal
tile5514.png,Normal
tile5515.png,Normal
tile5516.png,Normal
tile5517.png,Normal
tile5518.png,Normal
tile5519.png,Normal
tile5520.png,Normal
tile5521.png,Normal
tile5522.png,Normal
tile5523.png,Normal
tile5524.png,Normal
tile5525.png,Normal
tile5526.png,Normal
tile5527.png,Normal
tile5528.png,Normal
tile5529.png,Normal
tile5530.png,Normal
tile5531.png,Normal
tile5532.png,Normal
tile5533.png,Normal
tile5534.png,Normal
tile5535.png,Normal
tile5536.png,Normal
tile5537.png,Normal
tile5538.png,Normal
tile5539.png,Normal
tile5540.png,Normal
tile5541.png,Normal
tile5542.png,Normal
tile5543.png,Normal
tile5544.png,Normal
tile5545.png,Normal
tile5546.png,Normal
tile5547.png,Normal
tile5548.png,Normal
tile5549.png,Normal
tile5550.png,Normal
tile5551.png,Normal
tile5552.png,Normal
tile5553.png,Normal
tile5554.png,Normal
tile5555.png,Normal
tile5556.png,Normal
tile5557.png,Normal
tile5558.png,Normal
tile5559.png,Normal
tile5560.png,Normal
tile5561.png,Normal
tile5562.png,Normal
tile5563.png,Normal
tile5564.png,Normal
tile5565.png,Normal
tile5566.png,Normal
tile5567.png,Normal
tile5568.png,Normal
tile5569.png,Normal
tile5570.png,Normal
tile5571.png,Normal
tile5572.png,Normal
tile5573.png,Normal
tile5574.png,Normal
tile5575.png,Normal
tile5576.png,Normal
tile5577.png,Normal
tile5578.png,Normal
tile5579.png,Normal
tile5580.png,Normal
tile5581.png,Normal
tile5582.png,Normal
tile5583.png,Normal
tile5584.png,Normal
tile5585.png,Normal
tile5586.png,Normal
tile5587.png,Normal
tile5588.png,Normal
tile5589.png,Normal
tile5590.png,Normal
tile5591.png,Normal
tile5592.png,Normal
tile5593.png,Normal
tile5594.png,Normal
tile5595.png,Normal
tile5596.png,Normal
tile5597.png,Normal
tile5598.png,Normal
tile5599.png,Normal
tile5600.png,Normal
tile5601.png,Normal
tile5602.png,Normal
tile5603.png,Normal
tile5604.png,Normal
tile5605.png,Normal
tile5606.png,Normal
tile5607.png,Normal
tile5608.png,Normal
tile5609.png,Normal
tile5610.png,Normal
tile5611.png,Normal
tile5612.png,Normal
tile5613.png,Normal
tile5614.png,Normal
tile5615.png,Normal
tile5616.png,Normal
tile5617.png,Normal
tile5618.png,Normal
tile5619.png,Normal
tile5620.png,Normal
tile5621.png,Normal
tile5622.png,Normal
tile5623.png,Normal
tile5624.png,Normal
tile5625.png,Normal
tile5626.png,Normal
tile5627.png,Normal
tile5628.png,Normal
tile5629.png,Normal
tile5630.png,Normal
tile5631.png,Normal
tile5632.png,Normal
tile5633.png,Normal
tile5634.png,Normal
tile5635.png,Normal
tile5636.png,Normal
tile5637.png,Normal
tile5638.png,Normal
tile5639.png,Normal
tile5640.png,Normal
tile5641.png,Normal
tile5642.png,Normal
tile5643.png,Normal
tile5644.png,Normal
tile5645.png,Normal
tile5646.png,Normal
tile5647.png,Normal
tile5648.png,Normal
tile5649.png,Normal
tile5650.png,Normal
tile5651.png,Normal
tile5652.png,Normal
tile5653.png,Normal
tile5654.png,Normal
tile5655.png,Normal
tile5656.png,Normal
tile5657.png,Normal
tile5658.png,Normal
tile5659.png,Normal
tile5660.png,Normal
tile5661.png,Normal
tile5662.png,Normal
tile5663.png,Normal
tile5664.png,Normal
tile5665.png,Normal
tile5666.png,Normal
tile5667.png,Normal
tile5668.png,Normal
tile5669.png,Normal
tile5670.png,Normal
tile5671.png,Normal
tile5672.png,Normal
tile5673.png,Normal
tile5674.png,Normal
tile5675.png,Normal
tile5676.png,Normal
tile5677.png,Normal
tile5678.png,Normal
tile5679.png,Normal
tile5680.png,Normal
tile5681.png,Normal
tile5682.png,Normal
tile5683.png,Normal
tile5684.png,Normal
tile5685.png,Normal
tile5686.png,Normal
tile5687.png,Normal
tile5688.png,Normal
tile5689.png,Normal
tile5690.png,Normal
tile5691.png,Normal
tile5692.png,Normal
tile5693.png,Normal
tile5694.png,Normal
tile5695.png,Normal
tile5696.png,Normal
tile5697.png,Normal
tile5698.png,Normal
tile5699.png,Normal
tile5700.png,Normal
tile5701.png,Normal
tile5702.png,Normal
tile5703.png,Normal
tile5704.png,Normal
tile5705.png,Normal
tile5706.png,Normal
tile5707.png,Normal
tile5708.png,Normal
tile5709.png,Normal
tile5710.png,Normal
tile5711.png,Normal
tile5712.png,Normal
tile5713.png,Normal
tile5714.png,Normal
tile5715.png,Normal
tile5716.png,Normal
tile5717.png,Normal
tile5718.png,Normal
tile5719.png,Normal
tile5720.png,Normal
tile5721.png,Normal
tile5722.png,Normal
tile5723.png,Normal
tile5724.png,Normal
tile5725.png,Normal
tile5726.png,Normal
tile5727.png,Normal
tile5728.png,Normal
tile5729.png,Normal
tile5730.png,Normal
tile5731.png,Normal
tile5732.png,Normal
tile5733.png,Normal
tile5734.png,Normal
tile5735.png,Normal
tile5736.png,Normal
tile5737.png,Normal
tile5738.png,Normal
tile5739.png,Normal
tile5740.png,Normal
tile5741.png,Normal
tile5742.png,Normal
tile5743.png,Normal
tile5744.png,Normal
tile5745.png,Normal
tile5746.png,Normal
tile5747.png,Normal
tile5748.png,Normal
tile5749.png,Normal
tile5750.png,Normal
tile5751.png,Normal
tile5752.png,Normal
tile5753.png,Normal
tile5754.png,Normal
tile5755.png,Normal
tile5756.png,Normal
tile5757.png,Normal
tile5758.png,Normal
tile5759.png,Normal
tile5760.png,Normal
tile5761.png,Normal
tile5762.png,Normal
tile5763.png,Normal
tile5764.png,Normal
tile5765.png,Normal
tile5766.png,Normal
tile5767.png,Normal
tile5768.png,Normal
tile5769.png,Normal
tile5770.png,Normal
tile5771.png,Normal
tile5772.png,Normal
tile5773.png,Normal
tile5774.png,Normal
tile5775.png,Normal
tile5776.png,Normal
tile5777.png,Normal
tile5778.png,Normal
tile5779.png,Normal
tile5780.png,Normal
tile5781.png,Normal
tile5782.png,Normal
tile5783.png,Normal
tile5784.png,Normal
tile5785.png,Normal
tile5786.png,Normal
tile5787.png,Normal
tile5788.png,Normal
tile5789.png,Normal
tile5790.png,Normal
tile5791.png,Normal
tile5792.png,Normal
tile5793.png,Normal
tile5794.png,Normal
tile5795.png,Normal
tile5796.png,Normal
tile5797.png,Normal
tile5798.png,Normal
tile5799.png,Normal
tile5800.png,Normal
tile5801.png,Normal
tile5802.png,Normal
tile5803.png,Normal
tile5804.png,Normal
tile5805.png,Normal
tile5806.png,Normal
tile5807.png,Normal
tile5808.png,Normal
tile5809.png,Normal
tile5810.png,Normal
tile5811.png,Normal
tile5812.png,Normal
tile5813.png,Normal
tile5814.png,Normal
tile5815.png,Normal
tile5816.png,Normal
tile5817.png,Normal
tile5818.png,Normal
tile5819.png,Normal
tile5820.png,Normal
tile5821.png,Normal
tile5822.png,Normal
tile5823.png,Normal
tile5824.png,Normal
tile5825.png,Normal
tile5826.png,Normal
tile5827.png,Normal
tile5828.png,Normal
tile5829.png,Normal
tile5830.png,Normal
tile5831.png,Normal
tile5832.png,Normal
tile5833.png,Normal
tile5834.png,Normal
tile5835.png,Normal
tile5836.png,Normal
tile5837.png,Normal
tile5838.png,Normal
tile5839.png,Normal
tile5840.png,Normal
tile5841.png,Normal
tile5842.png,Normal
tile5843.png,Normal
tile5844.png,Normal
tile5845.png,Normal
tile5846.png,Normal
tile5847.png,Normal
tile5848.png,Normal
tile5849.png,Normal
tile5850.png,Normal
tile5851.png,Normal
tile5852.png,Normal
tile5853.png,Normal
tile5854.png,Normal
tile5855.png,Normal
tile5856.png,Normal
tile5857.png,Normal
tile5858.png,Normal
tile5859.png,Normal
tile5860.png,Normal
tile5861.png,Normal
tile5862.png,Normal
tile5863.png,Normal
tile5864.png,Normal
tile5865.png,Normal
tile5866.png,Normal
tile5867.png,Normal
tile5868.png,Normal
tile5869.png,Normal
tile5870.png,Normal
tile5871.png,Normal
tile5872.png,Normal
tile5873.png,Normal
tile5874.png,Normal
tile5875.png,Normal
tile5876.png,Normal
tile5877.png,Normal
tile5878.png,Normal
tile5879.png,Normal
tile5880.png,Normal
tile5881.png,Normal
tile5882.png,Normal
tile5883.png,Normal
tile5884.png,Normal
tile5885.png,Normal
tile5886.png,Normal
tile5887.png,Normal
tile5888.png,Normal
tile5889.png,Normal
tile5890.png,Normal
tile5891.png,Normal
tile5892.png,Normal
tile5893.png,Normal
tile5894.png,Normal
tile5895.png,Normal
tile5896.png,Normal
tile5897.png,Normal
tile5898.png,Normal
tile5899.png,Normal
tile5900.png,Normal
tile5901.png,Normal
tile5902.png,Normal
tile5903.png,Normal
tile5904.png,Normal
tile5905.png,Normal
tile5906.png,Normal
tile5907.png,Normal
tile5908.png,Normal
tile5909.png,Normal
tile5910.png,Normal
tile5911.png,Normal
tile5912.png,Normal
tile5913.png,Normal
tile5914.png,Normal
tile5915.png,Normal
tile5916.png,Normal
tile5917.png,Normal
tile5918.png,Normal
tile5919.png,Normal
tile5920.png,Normal
tile5921.png,Normal
tile5922.png,Normal
tile5923.png,Normal
tile5924.png,Normal
tile5925.png,Normal
tile5926.png,Normal
tile5927.png,Normal
tile5928.png,Normal
tile5929.png,Normal
tile5930.png,Normal
tile5931.png,Normal
tile5932.png,Normal
tile5933.png,Normal
tile5934.png,Normal
tile5935.png,Normal
tile5936.png,Normal
tile5937.png,Normal
tile5938.png,Normal
tile5939.png,Normal
tile5940.png,Normal
tile5941.png,Normal
tile5942.png,Normal
tile5943.png,Normal
tile5944.png,Normal
tile5945.png,Normal
tile5946.png,Normal
tile5947.png,Normal
tile5948.png,Normal
tile5949.png,Normal
tile5950.png,Normal
tile5951.png,Normal
tile5952.png,Normal
tile5953.png,Normal
tile5954.png,Normal
tile5955.png,Normal
tile5956.png,Normal
tile5957.png,Normal
tile5958.png,Normal
tile5959.png,Normal
tile5960.png,Normal
tile5961.png,Normal
tile5962.png,Normal
tile5963.png,Normal
tile5964.png,Normal
tile5965.png,Normal
tile5966.png,Normal
tile5967.png,Normal
tile5968.png,Normal
tile5969.png,Normal
tile5970.png,Normal
tile5971.png,Normal
tile5972.png,Normal
tile5973.png,Normal
tile5974.png,Normal
tile5975.png,Normal
tile5976.png,Normal
tile5977.png,Normal
tile5978.png,Normal
tile5979.png,Normal
tile5980.png,Normal
tile5981.png,Normal
tile5982.png,Normal
tile5983.png,Normal
tile5984.png,Normal
tile5985.png,Normal
tile5986.png,Normal
tile5987.png,Normal
tile5988.png,Normal
tile5989.png,Normal
tile5990.png,Normal
tile5991.png,Normal
tile5992.png,Normal
tile5993.png,Normal
tile5994.png,Normal
tile5995.png,Normal
tile5996.png,Normal
tile5997.png,Normal
tile5998.png,Normal
tile5999.png,Normal
tile6000.png,Normal
tile6001.png,Normal
tile6002.png,Normal
tile6003.png,Normal
tile6004.png,Normal
tile6005.png,Normal
tile6006.png,Normal
tile6007.png,Normal
tile6008.png,Normal
tile6009.png,Normal
tile6010.png,Normal
tile6011.png,Normal
tile6012.png,Normal
tile6013.png,Normal
tile6014.png,Normal
tile6015.png,Normal
tile6016.png,Normal
tile6017.png,Normal
tile6018.png,Normal
tile6019.png,Normal
tile6020.png,Normal
tile6021.png,Normal
tile6022.png,Normal
tile6023.png,Normal
tile6024.png,Normal
tile6025.png,Normal
tile6026.png,Normal
tile6027.png,Normal
tile6028.png,Normal
tile6029.png,Normal
tile6030.png,Normal
tile6031.png,Normal
tile6032.png,Normal
tile6033.png,Normal
tile6034.png,Normal
tile6035.png,Normal
tile6036.png,Normal
tile6037.png,Normal
tile6038.png,Normal
tile6039.png,Normal
tile6040.png,Normal
tile6041.png,Normal
tile6042.png,Normal
tile6043.png,Normal
tile6044.png,Normal
tile6045.png,Normal
tile6046.png,Normal
tile6047.png,Normal
tile6048.png,Normal
tile6049.png,Normal
tile6050.png,Normal
tile6051.png,Normal
tile6052.png,Normal
tile6053.png,Normal
tile6054.png,Normal
tile6055.png,Normal
tile6056.png,Normal
tile6057.png,Normal
tile6058.png,Normal
tile6059.png,Normal
tile6060.png,Normal
tile6061.png,Normal
tile6062.png,Normal
tile6063.png,Normal
tile6064.png,Normal
tile6065.png,Normal
tile6066.png,Normal
tile6067.png,Normal
tile6068.png,Normal
tile6069.png,Normal
tile6070.png,Normal
tile6071.png,Normal
tile6072.png,Normal
tile6073.png,Normal
tile6074.png,Normal
tile6075.png,Normal
tile6076.png,Normal
tile6077.png,Normal
tile6078.png,Normal
tile6079.png,Normal
tile6080.png,Normal
tile6081.png,Normal
tile6082.png,Normal
tile6083.png,Normal
tile6084.png,Normal
tile6085.png,Normal
tile6086.png,Normal
tile6087.png,Normal
tile6088.png,Normal
tile6089.png,Normal
tile6090.png,Normal
tile6091.png,Normal
tile6092.png,Normal
tile6093.png,Normal
tile6094.png,Normal
tile6095.png,Normal
tile6096.png,Normal
tile6097.png,Normal
tile6098.png,Normal
tile6099.png,Normal
tile6100.png,Normal
tile6101.png,Normal
tile6102.png,Normal
tile6103.png,Normal
tile6104.png,Normal
tile6105.png,Normal
tile6106.png,Normal
tile6107.png,Normal
tile6108.png,Normal
tile6109.png,Normal
tile6110.png,Normal
tile6111.png,Normal
tile6112.png,Normal
tile6113.png,Normal
tile6114.png,Normal
tile6115.png,Normal
tile6116.png,Normal
tile6117.png,Normal
tile6118.png,Normal
tile6119.png,Normal
tile6120.png,Normal
tile6121.png,Normal
tile6122.png,Normal
tile6123.png,Normal
tile6124.png,Normal
tile6125.png,Normal
tile6126.png,Normal
tile6127.png,Normal
tile6128.png,Normal
tile6129.png,Normal
tile6130.png,Normal
tile6131.png,Normal
tile6132.png,Normal
tile6133.png,Normal
tile6134.png,Normal
tile6135.png,Normal
tile6136.png,Normal
tile6137.png,Normal
tile6138.png,Normal
tile6139.png,Normal
tile6140.png,Normal
tile6141.png,Normal
tile6142.png,Normal
tile6143.png,Normal
tile6144.png,Normal
tile6145.png,Normal
tile6146.png,Normal
tile6147.png,Normal
tile6148.png,Normal
tile6149.png,Normal
tile6150.png,Normal
tile6151.png,Normal
tile6152.png,Normal
tile6153.png,Normal
tile6154.png,Normal
tile6155.png,Normal
tile6156.png,Normal
tile6157.png,Normal
tile6158.png,Normal
tile6159.png,Normal
tile6160.png,Normal
tile6161.png,Normal
tile6162.png,Normal
tile6163.png,Normal
tile6164.png,Normal
tile6165.png,Normal
tile6166.png,Normal
tile6167.png,Normal
tile6168.png,Normal
tile6169.png,Normal
tile6170.png,Normal
tile6171.png,Normal
tile6172.png,Normal
tile6173.png,Normal
tile6174.png,Normal
tile6175.png,Normal
tile6176.png,Normal
tile6177.png,Normal
tile6178.png,Normal
tile6179.png,Normal
tile6180.png,Normal
tile6181.png,Normal
tile6182.png,Normal
tile6183.png,Normal
tile6184.png,Normal
tile6185.png,Normal
tile6186.png,Normal
tile6187.png,Normal
tile6188.png,Normal
tile6189.png,Normal
tile6190.png,Normal
tile6191.png,Normal
tile6192.png,Normal
tile6193.png,Normal
tile6194.png,Normal
tile6195.png,Normal
tile6196.png,Normal
tile6197.png,Normal
tile6198.png,Normal
tile6199.png,Normal
tile6200.png,Normal
tile6201.png,Normal
tile6202.png,Normal
tile6203.png,Normal
tile6204.png,Normal
tile6205.png,Normal
tile6206.png,Normal
tile6207.png,Normal
tile6208.png,Normal
tile6209.png,Normal
tile6210.png,Normal
tile6211.png,Normal
tile6212.png,Normal
tile6213.png,Normal
tile6214.png,Normal
tile6215.png,Normal
tile6216.png,Normal
tile6217.png,Normal
tile6218.png,Normal
tile6219.png,Normal
tile6220.png,Normal
tile6221.png,Normal
tile6222.png,Normal
tile6223.png,Normal
tile6224.png,Normal
tile6225.png,Normal
tile6226.png,Normal
tile6227.png,Normal
tile6228.png,Normal
tile6229.png,Normal
tile6230.png,Normal
tile6231.png,Normal
tile6232.png,Normal
tile6233.png,Normal
tile6234.png,Normal
tile6235.png,Normal
tile6236.png,Normal
tile6237.png,Normal
tile6238.png,Normal
tile6239.png,Normal
tile6240.png,Normal
tile6241.png,Normal
tile6242.png,Normal
tile6243.png,Normal
tile6244.png,Normal
tile6245.png,Normal
tile6246.png,Normal
tile6247.png,Normal
tile6248.png,Normal
tile6249.png,Normal
tile6250.png,Normal
tile6251.png,Normal
tile6252.png,Normal
tile6253.png,Normal
tile6254.png,Normal
tile6255.png,Normal
tile6256.png,Normal
tile6257.png,Normal
tile6258.png,Normal
tile6259.png,Normal
tile6260.png,Normal
tile6261.png,Normal
tile6262.png,Normal
tile6263.png,Normal
tile6264.png,Normal
tile6265.png,Normal
tile6266.png,Normal
tile6267.png,Normal
tile6268.png,Normal
tile6269.png,Normal
tile6270.png,Normal
tile6271.png,Normal
tile6272.png,Normal
tile6273.png,Normal
tile6274.png,Normal
tile6275.png,Normal
tile6276.png,Normal
tile6277.png,Normal
tile6278.png,Normal
tile6279.png,Normal
tile6280.png,Normal
tile6281.png,Normal
tile6282.png,Normal
tile6283.png,Normal
tile6284.png,Normal
tile6285.png,Normal
tile6286.png,Normal
tile6287.png,Normal
tile6288.png,Normal
tile6289.png,Normal
tile6290.png,Normal
tile6291.png,Normal
tile6292.png,Normal
tile6293.png,Normal
tile6294.png,Normal
tile6295.png,Normal
tile6296.png,Normal
tile6297.png,Normal
tile6298.png,Normal
tile6299.png,Normal
tile6300.png,Normal
tile6301.png,Normal
tile6302.png,Normal
tile6303.png,Normal
tile6304.png,Normal
tile6305.png,Normal
tile6306.png,Normal
tile6307.png,Normal
tile6308.png,Normal
tile6309.png,Normal
tile6310.png,Normal
tile6311.png,Normal
tile6312.png,Normal
tile6313.png,Normal
tile6314.png,Normal
tile6315.png,Normal
tile6316.png,Normal
tile6317.png,Normal
tile6318.png,Normal
tile6319.png,Normal
tile6320.png,Normal
tile6321.png,Normal
tile6322.png,Normal
tile6323.png,Normal
tile6324.png,Normal
tile6325.png,Normal
tile6326.png,Normal
tile6327.png,Normal
tile6328.png,Normal
tile6329.png,Normal
tile6330.png,Normal
tile6331.png,Normal
tile6332.png,Normal
tile6333.png,Normal
tile6334.png,Normal
tile6335.png,Normal
tile6336.png,Normal
tile6337.png,Normal
tile6338.png,Normal
tile6339.png,Normal
tile6340.png,Normal
tile6341.png,Normal
tile6342.png,Normal
tile6343.png,Normal
tile6344.png,Normal
tile6345.png,Normal
tile6346.png,Normal
tile6347.png,Normal
tile6348.png,Normal
tile6349.png,Normal
tile6350.png,Normal
tile6351.png,Normal
tile6352.png,Normal
tile6353.png,Normal
tile6354.png,Normal
tile6355.png,Normal
tile6356.png,Normal
tile6357.png,Normal
tile6358.png,Normal
tile6359.png,Normal
tile6360.png,Normal
tile6361.png,Normal
tile6362.png,Normal
tile6363.png,Normal
tile6364.png,Normal
tile6365.png,Normal
tile6366.png,Normal
tile6367.png,Normal
tile6368.png,Normal
tile6369.png,Normal
tile6370.png,Normal
tile6371.png,Normal
tile6372.png,Normal
tile6373.png,Normal
tile6374.png,Normal
tile6375.png,Normal
tile6376.png,Normal
tile6377.png,Normal
tile6378.png,Normal
tile6379.png,Normal
tile6380.png,Normal
tile6381.png,Normal
tile6382.png,Normal
tile6383.png,Normal
tile6384.png,Normal
tile6385.png,Normal
tile6386.png,Normal
tile6387.png,Normal
tile6388.png,Normal
tile6389.png,Normal
tile6390.png,Normal
tile6391.png,Normal
tile6392.png,Normal
tile6393.png,Normal
tile6394.png,Normal
tile6395.png,Normal
tile6396.png,Normal
tile6397.png,Normal
tile6398.png,Normal
tile6399.png,Normal
tile6400.png,Normal
tile6401.png,Normal
tile6402.png,Normal
tile6403.png,Normal
tile6404.png,Normal
tile6405.png,Normal
tile6406.png,Normal
tile6407.png,Normal
tile6408.png,Normal
tile6409.png,Normal
tile6410.png,Normal
tile6411.png,Normal
tile6412.png,Normal
tile6413.png,Normal
tile6414.png,Normal
tile6415.png,Normal
tile6416.png,Normal
tile6417.png,Normal
tile6418.png,Normal
tile6419.png,Normal
tile6420.png,Normal
tile6421.png,Normal
tile6422.png,Normal
tile6423.png,Normal
tile6424.png,Normal
tile6425.png,Normal
tile6426.png,Normal
tile6427.png,Normal
tile6428.png,Normal
tile6429.png,Normal
tile6430.png,Normal
tile6431.png,Normal
tile6432.png,Normal
tile6433.png,Normal
tile6434.png,Normal
tile6435.png,Normal
tile6436.png,Normal
tile6437.png,Normal
tile6438.png,Normal
tile6439.png,Normal
tile6440.png,Normal
tile6441.png,Normal
tile6442.png,Normal
tile6443.png,Normal
tile6444.png,Normal
tile6445.png,Normal
tile6446.png,Normal
tile6447.png,Normal
tile6448.png,Normal
tile6449.png,Normal
tile6450.png,Normal
tile6451.png,Normal
tile6452.png,Normal
tile6453.png,Normal
tile6454.png,Normal
tile6455.png,Normal
tile6456.png,Normal
tile6457.png,Normal
tile6458.png,Normal
tile6459.png,Normal
tile6460.png,Normal
tile6461.png,Normal
tile6462.png,Normal
tile6463.png,Normal
tile6464.png,Normal
tile6465.png,Normal
tile6466.png,Normal
tile6467.png,Normal
tile6468.png,Normal
tile6469.png,Normal
tile6470.png,Normal
tile6471.png,Normal
tile6472.png,Normal
tile6473.png,Normal
tile6474.png,Normal
tile6475.png,Normal
tile6476.png,Normal
tile6477.png,Normal
tile6478.png,Normal
tile6479.png,Normal
tile6480.png,Normal
tile6481.png,Normal
tile6482.png,Normal
tile6483.png,Normal
tile6484.png,Normal
tile6485.png,Normal
tile6486.png,Normal
tile6487.png,Normal
tile6488.png,Normal
tile6489.png,Normal
tile6490.png,Normal
tile6491.png,Normal
tile6492.png,Normal
tile6493.png,Normal
tile6494.png,Normal
tile6495.png,Normal
tile6496.png,Normal
tile6497.png,Normal
tile6498.png,Normal
tile6499.png,Normal
tile6500.png,Normal
tile6501.png,Normal
tile6502.png,Normal
tile6503.png,Normal
tile6504.png,Normal
tile6505.png,Normal
tile6506.png,Normal
tile6507.png,Normal
tile6508.png,Normal
tile6509.png,Normal
tile6510.png,Normal
tile6511.png,Normal
tile6512.png,Normal
tile6513.png,Normal
tile6514.png,Normal
tile6515.png,Normal
tile6516.png,Normal
tile6517.png,Normal
tile6518.png,Normal
tile6519.png,Normal
tile6520.png,Normal
tile6521.png,Normal
tile6522.png,Normal
tile6523.png,Normal
tile6524.png,Normal
tile6525.png,Normal
tile6526.png,Normal
tile6527.png,Normal
tile6528.png,Normal
tile6529.png,Normal
tile6530.png,Normal
tile6531.png,Normal
tile6532.png,Normal
tile6533.png,Normal
tile6534.png,Normal
tile6535.png,Normal
tile6536.png,Normal
tile6537.png,Normal
tile6538.png,Normal
tile6539.png,Normal
tile6540.png,Normal
tile6541.png,Normal
tile6542.png,Normal
tile6543.png,Normal
tile6544.png,Normal
tile6545.png,Normal
tile6546.png,Normal
tile6547.png,Normal
tile6548.png,Normal
tile6549.png,Normal
tile6550.png,Normal
tile6551.png,Normal
tile6552.png,Normal
tile6553.png,Normal
tile6554.png,Normal
tile6555.png,Normal
tile6556.png,Normal
tile6557.png,Normal
tile6558.png,Normal
tile6559.png,Normal
tile6560.png,Normal
tile6561.png,Normal
tile6562.png,Normal
tile6563.png,Normal
tile6564.png,Normal
tile6565.png,Normal
tile6566.png,Normal
tile6567.png,Normal
tile6568.png,Normal
tile6569.png,Normal
tile6570.png,Normal
tile6571.png,Normal
tile6572.png,Normal
tile6573.png,Normal
tile6574.png,Normal
tile6575.png,Normal
tile6576.png,Normal
tile6577.png,Normal
tile6578.png,Normal
tile6579.png,Normal
tile6580.png,Normal
tile6581.png,Normal
tile6582.png,Normal
tile6583.png,Normal
tile6584.png,Normal
tile6585.png,Normal
tile6586.png,Normal
tile6587.png,Normal
tile6588.png,Normal
tile6589.png,Normal
tile6590.png,Normal
tile6591.png,Normal
tile6592.png,Normal
tile6593.png,Normal
tile6594.png,Normal
tile6595.png,Normal
tile6596.png,Normal
tile6597.png,Normal
tile6598.png,Normal
tile6599.png,Normal
tile6600.png,Normal
tile6601.png,Normal
tile6602.png,Normal
tile6603.png,Normal
tile6604.png,Normal
tile6605.png,Normal
tile6606.png,Normal
tile6607.png,Normal
tile6608.png,Normal
tile6609.png,Normal
tile6610.png,Normal
tile6611.png,Normal
tile6612.png,Normal
tile6613.png,Normal
tile6614.png,Normal
tile6615.png,Normal
tile6616.png,Normal
tile6617.png,Normal
tile6618.png,Normal
tile6619.png,Normal
tile6620.png,Normal
tile6621.png,Normal
tile6622.png,Normal
tile6623.png,Normal
tile6624.png,Normal
tile6625.png,Normal
tile6626.png,Normal
tile6627.png,Normal
tile6628.png,Normal
tile6629.png,Normal
tile6630.png,Normal
tile6631.png,Normal
tile6632.png,Normal
tile6633.png,Normal
tile6634.png,Normal
tile6635.png,Normal
tile6636.png,Normal
tile6637.png,Normal
tile6638.png,Normal
tile6639.png,Normal
tile6640.png,Normal
tile6641.png,Normal
tile6642.png,Normal
tile6643.png,Normal
tile6644.png,Normal
tile6645.png,Normal
tile6646.png,Normal
tile6647.png,Normal
tile6648.png,Normal
tile6649.png,Normal
tile6650.png,Normal
tile6651.png,Normal
tile6652.png,Normal
tile6653.png,Normal
tile6654.png,Normal
tile6655.png,Normal
tile6656.png,Normal
tile6657.png,Normal
tile6658.png,Normal
tile6659.png,Normal
tile6660.png,Normal
tile6661.png,Normal
tile6662.png,Normal
tile6663.png,Normal
tile6664.png,Normal
tile6665.png,Normal
tile6666.png,Normal
tile6667.png,Normal
tile6668.png,Normal
tile6669.png,Normal
tile6670.png,Normal
tile6671.png,Normal
tile6672.png,Normal
tile6673.png,Normal
tile6674.png,Normal
tile6675.png,Normal
tile6676.png,Normal
tile6677.png,Normal
tile6678.png,Normal
tile6679.png,Normal
tile6680.png,Normal
tile6681.png,Normal
tile6682.png,Normal
tile6683.png,Normal
tile6684.png,Normal
tile6685.png,Normal
tile6686.png,Normal
tile6687.png,Normal
tile6688.png,Normal
tile6689.png,Normal
tile6690.png,Normal
tile6691.png,Normal
tile6692.png,Normal
tile6693.png,Normal
tile6694.png,Normal
tile6695.png,Normal
tile6696.png,Normal
tile6697.png,Normal
tile6698.png,Normal
tile6699.png,Normal
tile6700.png,Normal
tile6701.png,Normal
tile6702.png,Normal
tile6703.png,Normal
tile6704.png,Normal
tile6705.png,Normal
tile6706.png,Normal
tile6707.png,Normal
tile6708.png,Normal
tile6709.png,Normal
tile6710.png,Normal
tile6711.png,Normal
tile6712.png,Normal
tile6713.png,Normal
tile6714.png,Normal
tile6715.png,Normal
tile6716.png,Normal
tile6717.png,Normal
tile6718.png,Normal
tile6719.png,Normal
tile6720.png,Normal
tile6721.png,Normal
tile6722.png,Normal
tile6723.png,Normal
tile6724.png,Normal
tile6725.png,Normal
tile6726.png,Normal
tile6727.png,Normal
tile6728.png,Normal
tile6729.png,Normal
tile6730.png,Normal
tile6731.png,Normal
tile6732.png,Normal
tile6733.png,Normal
tile6734.png,Normal
tile6735.png,Normal
tile6736.png,Normal
tile6737.png,Normal
tile6738.png,Normal
tile6739.png,Normal
tile6740.png,Normal
tile6741.png,Normal
tile6742.png,Normal
tile6743.png,Normal
tile6744.png,Normal
tile6745.png,Normal
tile6746.png,Normal
tile6747.png,Normal
tile6748.png,Normal
tile6749.png,Normal
tile6750.png,Normal
tile6751.png,Normal
tile6752.png,Normal
tile6753.png,Normal
tile6754.png,Normal
tile6755.png,Normal
tile6756.png,Normal
tile6757.png,Normal
tile6758.png,Normal
tile6759.png,Normal
tile6760.png,Normal
tile6761.png,Normal
tile6762.png,Normal
tile6763.png,Normal
tile6764.png,Normal
tile6765.png,Normal
tile6766.png,Normal
tile6767.png,Normal
tile6768.png,Normal
tile6769.png,Normal
tile6770.png,Normal
tile6771.png,Normal
tile6772.png,Normal
tile6773.png,Normal
tile6774.png,Normal
tile6775.png,Normal
tile6776.png,Normal
tile6777.png,Normal
tile6778.png,Normal
tile6779.png,Normal
tile6780.png,Normal
tile6781.png,Normal
tile6782.png,Normal
tile6783.png,Normal
tile6784.png,Normal
tile6785.png,Normal
tile6786.png,Normal
tile6787.png,Normal
tile6788.png,Normal
tile6789.png,Normal
tile6790.png,Normal
tile6791.png,Normal
tile6792.png,Normal
tile6793.png,Normal
tile6794.png,Normal
tile6795.png,Normal
tile6796.png,Normal
tile6797.png,Normal
tile6798.png,Normal
tile6799.png,Normal
tile6800.png,Normal
tile6801.png,Normal
tile6802.png,Normal
tile6803.png,Normal
tile6804.png,Normal
tile6805.png,Normal
tile6806.png,Normal
tile6807.png,Normal
tile6808.png,Normal
tile6809.png,Normal
tile6810.png,Normal
tile6811.png,Normal
tile6812.png,Normal
tile6813.png,Normal
tile6814.png,Normal
tile6815.png,Normal
tile6816.png,Normal
tile6817.png,Normal
tile6818.png,Normal
tile6819.png,Normal
tile6820.png,Normal
tile6821.png,Normal
tile6822.png,Normal
tile6823.png,Normal
tile6824.png,Normal
tile6825.png,Normal
tile6826.png,Normal
tile6827.png,Normal
tile6828.png,Normal
tile6829.png,Normal
tile6830.png,Normal
tile6831.png,Normal
tile6832.png,Normal
tile6833.png,Normal
tile6834.png,Normal
tile6835.png,Normal
tile6836.png,Normal
tile6837.png,Normal
tile6838.png,Normal
tile6839.png,Normal
tile6840.png,Normal
tile6841.png,Normal
tile6842.png,Normal
tile6843.png,Normal
tile6844.png,Normal
tile6845.png,Normal
tile6846.png,Normal
tile6847.png,Normal
tile6848.png,Normal
tile6849.png,Normal
tile6850.png,Normal
tile6851.png,Normal
tile6852.png,Normal
tile6853.png,Normal
tile6854.png,Normal
tile6855.png,Normal
tile6856.png,Normal
tile6857.png,Normal
tile6858.png,Normal
tile6859.png,Normal
tile6860.png,Normal
tile6861.png,Normal
tile6862.png,Normal
tile6863.png,Normal
tile6864.png,Normal
tile6865.png,Normal
tile6866.png,Normal
tile6867.png,Normal
tile6868.png,Normal
tile6869.png,Normal
tile6870.png,Normal
tile6871.png,Normal
tile6872.png,Normal
tile6873.png,Normal
tile6874.png,Normal
tile6875.png,Normal
tile6876.png,Normal
tile6877.png,Normal
tile6878.png,Normal
tile6879.png,Normal
tile6880.png,Normal
tile6881.png,Normal
tile6882.png,Normal
tile6883.png,Normal
tile6884.png,Normal
tile6885.png,Normal
tile6886.png,Normal
tile6887.png,Normal
tile6888.png,Normal
tile6889.png,Normal
tile6890.png,Normal
tile6891.png,Normal
tile6892.png,Normal
tile6893.png,Normal
tile6894.png,Normal
tile6895.png,Normal
tile6896.png,Normal
tile6897.png,Normal
tile6898.png,Normal
tile6899.png,Normal
tile6900.png,Normal
tile6901.png,Normal
tile6902.png,Normal
tile6903.png,Normal
tile6904.png,Normal
tile6905.png,Normal
tile6906.png,Normal
tile6907.png,Normal
tile6908.png,Normal
tile6909.png,Normal
tile6910.png,Normal
tile6911.png,Normal
tile6912.png,Normal
tile6913.png,Normal
tile6914.png,Normal
tile6915.png,Normal
tile6916.png,Normal
tile6917.png,Normal
tile6918.png,Normal
tile6919.png,Normal
tile6920.png,Normal
tile6921.png,Normal
tile6922.png,Normal
tile6923.png,Normal
tile6924.png,Normal
tile6925.png,Normal
tile6926.png,Normal
tile6927.png,Normal
tile6928.png,Normal
tile6929.png,Normal
tile6930.png,Normal
tile6931.png,Normal
tile6932.png,Normal
tile6933.png,Normal
tile6934.png,Normal
tile6935.png,Normal
tile6936.png,Normal
tile6937.png,Normal
tile6938.png,Normal
tile6939.png,Normal
tile6940.png,Normal
tile6941.png,Normal
tile6942.png,Normal
tile6943.png,Normal
tile6944.png,Normal
tile6945.png,Normal
tile6946.png,Normal
tile6947.png,Normal
tile6948.png,Normal
tile6949.png,Normal
tile6950.png,Normal
tile6951.png,Normal
tile6952.png,Normal
tile6953.png,Normal
tile6954.png,Normal
tile6955.png,Normal
tile6956.png,Normal
tile6957.png,Normal
tile6958.png,Normal
tile6959.png,Normal
tile6960.png,Normal
tile6961.png,Normal
tile6962.png,Normal
tile6963.png,Normal
tile6964.png,Normal
tile6965.png,Normal
tile6966.png,Normal
tile6967.png,Normal
tile6968.png,Normal
tile6969.png,Normal
tile6970.png,Normal
tile6971.png,Normal
tile6972.png,Normal
tile6973.png,Normal
tile6974.png,Normal
tile6975.png,Normal
tile6976.png,Normal
tile6977.png,Normal
tile6978.png,Normal
tile6979.png,Normal
tile6980.png,Normal
tile6981.png,Normal
tile6982.png,Normal
tile6983.png,Normal
tile6984.png,Normal
tile6985.png,Normal
tile6986.png,Normal
tile6987.png,Normal
tile6988.png,Normal
tile6989.png,Normal
tile6990.png,Normal
tile6991.png,Normal
tile6992.png,Normal
tile6993.png,Normal
tile6994.png,Normal
tile6995.png,Normal
tile6996.png,Normal
tile6997.png,Normal
tile6998.png,Normal
tile6999.png,Normal
tile7000.png,Normal
tile7001.png,Normal
tile7002.png,Normal
tile7003.png,Normal
tile7004.png,Normal
tile7005.png,Normal
tile7006.png,Normal
tile7007.png,Normal
tile7008.png,Normal
tile7009.png,Normal
tile7010.png,Normal
tile7011.png,Normal
tile7012.png,Normal
tile7013.png,Normal
tile7014.png,Normal
tile7015.png,Normal
tile7016.png,Normal
tile7017.png,Normal
tile7018.png,Normal
tile7019.png,Normal
tile7020.png,Normal
tile7021.png,Normal
tile7022.png,Normal
tile7023.png,Normal
tile7024.png,Normal
tile7025.png,Normal
tile7026.png,Normal
tile7027.png,Normal
tile7028.png,Normal
tile7029.png,Normal
tile7030.png,Normal
tile7031.png,Normal
tile7032.png,Normal
tile7033.png,Normal
tile7034.png,Normal
tile7035.png,Normal
tile7036.png,Normal
tile7037.png,Normal
tile7038.png,Normal
tile7039.png,Normal
tile7040.png,Normal
tile7041.png,Normal
tile7042.png,Normal
tile7043.png,Normal
tile7044.png,Normal
tile7045.png,Normal
tile7046.png,Normal
tile7047.png,Normal
tile7048.png,Normal
tile7049.png,Normal
tile7050.png,Normal
tile7051.png,Normal
tile7052.png,Normal
tile7053.png,Normal
tile7054.png,Normal
tile7055.png,Normal
tile7056.png,Normal
tile7057.png,Normal
tile7058.png,Normal
tile7059.png,Normal
tile7060.png,Normal
tile7061.png,Normal
tile7062.png,Normal
tile7063.png,Normal
tile7064.png,Normal
tile7065.png,Normal
tile7066.png,Normal
tile7067.png,Normal
tile7068.png,Normal
tile7069.png,Normal
tile7070.png,Normal
tile7071.png,Normal
tile7072.png,Normal
tile7073.png,Normal
tile7074.png,Normal
tile7075.png,Normal
tile7076.png,Normal
tile7077.png,Normal
tile7078.png,Normal
tile7079.png,Normal
tile7080.png,Normal
tile7081.png,Normal
tile7082.png,Normal
tile7083.png,Normal
tile7084.png,Normal
tile7085.png,Normal
tile7086.png,Normal
tile7087.png,Normal
tile7088.png,Normal
tile7089.png,Normal
tile7090.png,Normal
tile7091.png,Normal
tile7092.png,Normal
tile7093.png,Normal
tile7094.png,Normal
tile7095.png,Normal
tile7096.png,Normal
tile7097.png,Normal
tile7098.png,Normal
tile7099.png,Normal
tile7100.png,Normal
tile7101.png,Normal
tile7102.png,Normal
tile7103.png,Normal
tile7104.png,Normal
tile7105.png,Normal
tile7106.png,Normal
tile7107.png,Normal
tile7108.png,Normal
tile7109.png,Normal
tile7110.png,Normal
tile7111.png,Normal
tile7112.png,Normal
tile7113.png,Normal
tile7114.png,Normal
tile7115.png,Normal
tile7116.png,Normal
tile7117.png,Normal
tile7118.png,Normal
tile7119.png,Normal
tile7120.png,Normal
tile7121.png,Normal
tile7122.png,Normal
tile7123.png,Normal
tile7124.png,Normal
tile7125.png,Normal
tile7126.png,Normal
tile7127.png,Normal
tile7128.png,Normal
tile7129.png,Normal
tile7130.png,Normal
tile7131.png,Normal
tile7132.png,Normal
tile7133.png,Normal
tile7134.png,Normal
tile7135.png,Normal
tile7136.png,Normal
tile7137.png,Normal
tile7138.png,Normal
tile7139.png,Normal
tile7140.png,Normal
tile7141.png,Normal
tile7142.png,Normal
tile7143.png,Normal
tile7144.png,Normal
tile7145.png,Normal
tile7146.png,Normal
tile7147.png,Normal
tile7148.png,Normal
tile7149.png,Normal
tile7150.png,Normal
tile7151.png,Normal
tile7152.png,Normal
tile7153.png,Normal
tile7154.png,Normal
tile7155.png,Normal
tile7156.png,Normal
tile7157.png,Normal
tile7158.png,Normal
tile7159.png,Normal
tile7160.png,Normal
tile7161.png,Normal
tile7162.png,Normal
tile7163.png,Normal
tile7164.png,Normal
tile7165.png,Normal
tile7166.png,Normal
tile7167.png,Normal
tile7168.png,Normal
tile7169.png,Normal
tile7170.png,Normal
tile7171.png,Normal
tile7172.png,Normal
tile7173.png,Normal
tile7174.png,Normal
tile7175.png,Normal
tile7176.png,Normal
tile7177.png,Normal
tile7178.png,Normal
tile7179.png,Normal
tile7180.png,Normal
tile7181.png,Normal
tile7182.png,Normal
tile7183.png,Normal
tile7184.png,Normal
tile7185.png,Normal
tile7186.png,Normal
tile7187.png,Normal
tile7188.png,Normal
tile7189.png,Normal
tile7190.png,Normal
tile7191.png,Normal
tile7192.png,Normal
tile7193.png,Normal
tile7194.png,Normal
tile7195.png,Normal
tile7196.png,Normal
tile7197.png,Normal
tile7198.png,Normal
tile7199.png,Normal
tile7200.png,Normal
tile7201.png,Normal
tile7202.png,Normal
tile7203.png,Normal
tile7204.png,Normal
tile7205.png,Normal
tile7206.png,Normal
tile7207.png,Normal
tile7208.png,Normal
tile7209.png,Normal
tile7210.png,Normal
tile7211.png,Normal
tile7212.png,Normal
tile7213.png,Normal
tile7214.png,Normal
tile7215.png,Normal
tile7216.png,Normal
tile7217.png,Normal
tile7218.png,Normal
tile7219.png,Normal
tile7220.png,Normal
tile7221.png,Normal
tile7222.png,Normal
tile7223.png,Normal
tile7224.png,Normal
tile7225.png,Normal
tile7226.png,Normal
tile7227.png,Normal
tile7228.png,Normal
tile7229.png,Normal
tile7230.png,Normal
tile7231.png,Normal
tile7232.png,Normal
tile7233.png,Normal
tile7234.png,Normal
tile7235.png,Normal
tile7236.png,Normal
tile7237.png,Normal
tile7238.png,Normal
tile7239.png,Normal
tile7240.png,Normal
tile7241.png,Normal
tile7242.png,Normal
tile7243.png,Normal
tile7244.png,Normal
tile7245.png,Normal
tile7246.png,Normal
tile7247.png,Normal
tile7248.png,Normal
tile7249.png,Normal
tile7250.png,Normal
tile7251.png,Normal
tile7252.png,Normal
tile7253.png,Normal
tile7254.png,Normal
tile7255.png,Normal
tile7256.png,Normal
tile7257.png,Normal
tile7258.png,Normal
tile7259.png,Normal
tile7260.png,Normal
tile7261.png,Normal
tile7262.png,Normal
tile7263.png,Normal
tile7264.png,Normal
tile7265.png,Normal
tile7266.png,Normal
tile7267.png,Normal
tile7268.png,Normal
tile7269.png,Normal
tile7270.png,Normal
tile7271.png,Normal
tile7272.png,Normal
tile7273.png,Normal
tile7274.png,Normal
tile7275.png,Normal
tile7276.png,Normal
tile7277.png,Normal
tile7278.png,Normal
tile7279.png,Normal
tile7280.png,Normal
tile7281.png,Normal
tile7282.png,Normal
tile7283.png,Normal
tile7284.png,Normal
tile7285.png,Normal
tile7286.png,Normal
tile7287.png,Normal
tile7288.png,Normal
tile7289.png,Normal
tile7290.png,Normal
tile7291.png,Normal
tile7292.png,Normal
tile7293.png,Normal
tile7294.png,Normal
tile7295.png,Normal
tile7296.png,Normal
tile7297.png,Normal
tile7298.png,Normal
tile7299.png,Normal
tile7300.png,Normal
tile7301.png,Normal
tile7302.png,Normal
tile7303.png,Normal
tile7304.png,Normal
tile7305.png,Normal
tile7306.png,Normal
tile7307.png,Normal
tile7308.png,Normal
tile7309.png,Normal
tile7310.png,Normal
tile7311.png,Normal
tile7312.png,Normal
tile7313.png,Normal
tile7314.png,Normal
tile7315.png,Normal
tile7316.png,Normal
tile7317.png,Normal
tile7318.png,Normal
tile7319.png,Normal
tile7320.png,Normal
tile7321.png,Normal
tile7322.png,Normal
tile7323.png,Normal
tile7324.png,Normal
tile7325.png,Normal
tile7326.png,Normal
tile7327.png,Normal
tile7328.png,Normal
tile7329.png,Normal
tile7330.png,Normal
tile7331.png,Normal
tile7332.png,Normal
tile7333.png,Normal
tile7334.png,Normal
tile7335.png,Normal
tile7336.png,Normal
tile7337.png,Normal
tile7338.png,Normal
tile7339.png,Normal
tile7340.png,Normal
tile7341.png,Normal
tile7342.png,Normal
tile7343.png,Normal
tile7344.png,Normal
tile7345.png,Normal
tile7346.png,Normal
tile7347.png,Normal
tile7348.png,Normal
tile7349.png,Normal
tile7350.png,Normal
tile7351.png,Normal
tile7352.png,Normal
tile7353.png,Normal
tile7354.png,Normal
tile7355.png,Normal
tile7356.png,Normal
tile7357.png,Normal
tile7358.png,Normal
tile7359.png,Normal
tile7360.png,Normal
tile7361.png,Normal
tile7362.png,Normal
tile7363.png,Normal
tile7364.png,Normal
tile7365.png,Normal
tile7366.png,Normal
tile7367.png,Normal
tile7368.png,Normal
tile7369.png,Normal
tile7370.png,Normal
tile7371.png,Normal
tile7372.png,Normal
tile7373.png,Normal
tile7374.png,Normal
tile7375.png,Normal
tile7376.png,Normal
tile7377.png,Normal
tile7378.png,Normal
tile7379.png,Normal
tile7380.png,Normal
tile7381.png,Normal
tile7382.png,Normal
tile7383.png,Normal
tile7384.png,Normal
tile7385.png,Normal
tile7386.png,Normal
tile7387.png,Normal
tile7388.png,Normal
tile7389.png,Normal
tile7390.png,Normal
tile7391.png,Normal
tile7392.png,Normal
tile7393.png,Normal
tile7394.png,Normal
tile7395.png,Normal
tile7396.png,Normal
tile7397.png,Normal
tile7398.png,Normal
tile7399.png,Normal
tile7400.png,Normal
tile7401.png,Normal
tile7402.png,Normal
tile7403.png,Normal
tile7404.png,Normal
tile7405.png,Normal
tile7406.png,Normal
tile7407.png,Normal
tile7408.png,Normal
tile7409.png,Normal
tile7410.png,Normal
tile7411.png,Normal
tile7412.png,Normal
tile7413.png,Normal
tile7414.png,Normal
tile7415.png,Normal
tile7416.png,Normal
tile7417.png,Normal
tile7418.png,Normal
tile7419.png,Normal
tile7420.png,Normal
tile7421.png,Normal
tile7422.png,Normal
tile7423.png,Normal
tile7424.png,Normal
tile7425.png,Normal
tile7426.png,Normal
tile7427.png,Normal
tile7428.png,Normal
tile7429.png,Normal
tile7430.png,Normal
tile7431.png,Normal
tile7432.png,Normal
tile7433.png,Normal
tile7434.png,Normal
tile7435.png,Normal
tile7436.png,Normal
tile7437.png,Normal
tile7438.png,Normal
tile7439.png,Normal
tile7440.png,Normal
tile7441.png,Normal
tile7442.png,Normal
tile7443.png,Normal
tile7444.png,Normal
tile7445.png,Normal
tile7446.png,Normal
tile7447.png,Normal
tile7448.png,Normal
tile7449.png,Normal
tile7450.png,Normal
tile7451.png,Normal
tile7452.png,Normal
tile7453.png,Normal
tile7454.png,Normal
tile7455.png,Normal
tile7456.png,Normal
tile7457.png,Normal
tile7458.png,Normal
tile7459.png,Normal
tile7460.png,Normal
tile7461.png,Normal
tile7462.png,Normal
tile7463.png,Normal
tile7464.png,Normal
tile7465.png,Normal
tile7466.png,Normal
tile7467.png,Normal
tile7468.png,Normal
tile7469.png,Normal
tile7470.png,Normal
tile7471.png,Normal
tile7472.png,Normal
tile7473.png,Normal
tile7474.png,Normal
tile7475.png,Normal
tile7476.png,Normal
tile7477.png,Normal
tile7478.png,Normal
tile7479.png,Normal
tile7480.png,Normal
tile7481.png,Normal
tile7482.png,Normal
tile7483.png,Normal
tile7484.png,Normal
tile7485.png,Normal
tile7486.png,Normal
tile7487.png,Normal
tile7488.png,Normal
tile7489.png,Normal
tile7490.png,Normal
tile7491.png,Normal
tile7492.png,Normal
tile7493.png,Normal
tile7494.png,Normal
tile7495.png,Normal
tile7496.png,Normal
tile7497.png,Normal
tile7498.png,Normal
tile7499.png,Normal
tile7500.png,Normal
tile7501.png,Normal
tile7502.png,Normal
tile7503.png,Normal
tile7504.png,Normal
tile7505.png,Normal
tile7506.png,Normal
tile7507.png,Normal
tile7508.png,Normal
tile7509.png,Normal
tile7510.png,Normal
tile7511.png,Normal
tile7512.png,Normal
tile7513.png,Normal
tile7514.png,Normal
tile7515.png,Normal
tile7516.png,Normal
tile7517.png,Normal
tile7518.png,Normal
tile7519.png,Normal
tile7520.png,Normal
tile7521.png,Normal
tile7522.png,Normal
tile7523.png,Normal
tile7524.png,Normal
tile7525.png,Normal
tile7526.png,Normal
tile7527.png,Normal
tile7528.png,Normal
tile7529.png,Normal
tile7530.png,Normal
tile7531.png,Normal
tile7532.png,Normal
tile7533.png,Normal
tile7534.png,Normal
tile7535.png,Normal
tile7536.png,Normal
tile7537.png,Normal
tile7538.png,Normal
tile7539.png,Normal
tile7540.png,Normal
tile7541.png,Normal
tile7542.png,Normal
tile7543.png,Normal
tile7544.png,Normal
tile7545.png,Normal
tile7546.png,Normal
tile7547.png,Normal
tile7548.png,Normal
tile7549.png,Normal
tile7550.png,Normal
tile7551.png,Normal
tile7552.png,Normal
tile7553.png,Normal
tile7554.png,Normal
tile7555.png,Normal
tile7556.png,Normal
tile7557.png,Normal
tile7558.png,Normal
tile7559.png,Normal
tile7560.png,Normal
tile7561.png,Normal
tile7562.png,Normal
tile7563.png,Normal
tile7564.png,Normal
tile7565.png,Normal
tile7566.png,Normal
tile7567.png,Normal
tile7568.png,Normal
tile7569.png,Normal
tile7570.png,Normal
tile7571.png,Normal
tile7572.png,Normal
tile7573.png,Normal
tile7574.png,Normal
tile7575.png,Normal
tile7576.png,Normal
tile7577.png,Normal
tile7578.png,Normal
tile7579.png,Normal
tile7580.png,Normal
tile7581.png,Normal
tile7582.png,Normal
tile7583.png,Normal
tile7584.png,Normal
tile7585.png,Normal
tile7586.png,Normal
tile7587.png,Normal
tile7588.png,Normal
tile7589.png,Normal
tile7590.png,Normal
tile7591.png,Normal
tile7592.png,Normal
tile7593.png,Normal
tile7594.png,Normal
tile7595.png,Normal
tile7596.png,Normal
tile7597.png,Normal
tile7598.png,Normal
tile7599.png,Normal
tile7600.png,Normal
tile7601.png,Normal
tile7602.png,Normal
tile7603.png,Normal
tile7604.png,Normal
tile7605.png,Normal
tile7606.png,Normal
tile7607.png,Normal
tile7608.png,Normal
tile7609.png,Normal
tile7610.png,Normal
tile7611.png,Normal
tile7612.png,Normal
tile7613.png,Normal
tile7614.png,Normal
tile7615.png,Normal
tile7616.png,Normal
tile7617.png,Normal
tile7618.png,Normal
tile7619.png,Normal
tile7620.png,Normal
tile7621.png,Normal
tile7622.png,Normal
tile7623.png,Normal
tile7624.png,Normal
tile7625.png,Normal
tile7626.png,Normal
tile7627.png,Normal
tile7628.png,Normal
tile7629.png,Normal
tile7630.png,Normal
tile7631.png,Normal
tile7632.png,Normal
tile7633.png,Normal
tile7634.png,Normal
tile7635.png,Normal
tile7636.png,Normal
tile7637.png,Normal
tile7638.png,Normal
tile7639.png,Normal
tile7640.png,Normal
tile7641.png,Normal
tile7642.png,Normal
tile7643.png,Normal
tile7644.png,Normal
tile7645.png,Normal
tile7646.png,Normal
tile7647.png,Normal
tile7648.png,Normal
tile7649.png,Normal
tile7650.png,Normal
tile7651.png,Normal
tile7652.png,Normal
tile7653.png,Normal
tile7654.png,Normal
tile7655.png,Normal
tile7656.png,Normal
tile7657.png,Normal
tile7658.png,Normal
tile7659.png,Normal
tile7660.png,Normal
tile7661.png,Normal
tile7662.png,Normal
tile7663.png,Normal
tile7664.png,Normal
tile7665.png,Normal
tile7666.png,Normal
tile7667.png,Normal
tile7668.png,Normal
tile7669.png,Normal
tile7670.png,Normal
tile7671.png,Normal
tile7672.png,Normal
tile7673.png,Normal
tile7674.png,Normal
tile7675.png,Normal
tile7676.png,Normal
tile7677.png,Normal
tile7678.png,Normal
tile7679.png,Normal
tile7680.png,Normal
tile7681.png,Normal
tile7682.png,Normal
tile7683.png,Normal
tile7684.png,Normal
tile7685.png,Normal
tile7686.png,Normal
tile7687.png,Normal
tile7688.png,Normal
tile7689.png,Normal
tile7690.png,Normal
tile7691.png,Normal
tile7692.png,Normal
tile7693.png,Normal
tile7694.png,Normal
tile7695.png,Normal
tile7696.png,Normal
tile7697.png,Normal
tile7698.png,Normal
tile7699.png,Normal
tile7700.png,Normal
tile7701.png,Normal
tile7702.png,Normal
tile7703.png,Normal
tile7704.png,Normal
tile7705.png,Normal
tile7706.png,Normal
tile7707.png,Normal
tile7708.png,Normal
tile7709.png,Normal
tile7710.png,Normal
tile7711.png,Normal
tile7712.png,Normal
tile7713.png,Normal
tile7714.png,Normal
tile7715.png,Normal
tile7716.png,Normal
tile7717.png,Normal
tile7718.png,Normal
tile7719.png,Normal
tile7720.png,Normal
tile7721.png,Normal
tile7722.png,Normal
tile7723.png,Normal
tile7724.png,Normal
tile7725.png,Normal
tile7726.png,Normal
tile7727.png,Normal
tile7728.png,Normal
tile7729.png,Normal
tile7730.png,Normal
tile7731.png,Normal
tile7732.png,Normal
tile7733.png,Normal
tile7734.png,Normal
tile7735.png,Normal
tile7736.png,Normal
tile7737.png,Normal
tile7738.png,Normal
tile7739.png,Normal
tile7740.png,Normal
tile7741.png,Normal
tile7742.png,Normal
tile7743.png,Normal
tile7744.png,Normal
tile7745.png,Normal
tile7746.png,Normal
tile7747.png,Normal
tile7748.png,Normal
tile7749.png,Normal
tile7750.png,Normal
tile7751.png,Normal
tile7752.png,Normal
tile7753.png,Normal
tile7754.png,Normal
tile7755.png,Normal
tile7756.png,Normal
tile7757.png,Normal
tile7758.png,Normal
tile7759.png,Normal
tile7760.png,Normal
tile7761.png,Normal
tile7762.png,Normal
tile7763.png,Normal
tile7764.png,Normal
tile7765.png,Normal
tile7766.png,Normal
tile7767.png,Normal
tile7768.png,Normal
tile7769.png,Normal
tile7770.png,Normal
tile7771.png,Normal
tile7772.png,Normal
tile7773.png,Normal
tile7774.png,Normal
tile7775.png,Normal
tile7776.png,Normal
tile7777.png,Normal
tile7778.png,Normal
tile7779.png,Normal
tile7780.png,Normal
tile7781.png,Normal
tile7782.png,Normal
tile7783.png,Normal
tile7784.png,Normal
tile7785.png,Normal
tile7786.png,Normal
tile7787.png,Normal
tile7788.png,Normal
tile7789.png,Normal
tile7790.png,Normal
tile7791.png,Normal
tile7792.png,Normal
tile7793.png,Normal
tile7794.png,Normal
tile7795.png,Normal
tile7796.png,Normal
tile7797.png,Normal
tile7798.png,Normal
tile7799.png,Normal
tile7800.png,Normal
tile7801.png,Normal
tile7802.png,Normal
tile7803.png,Normal
tile7804.png,Normal
tile7805.png,Normal
tile7806.png,Normal
tile7807.png,Normal
tile7808.png,Normal
tile7809.png,Normal
tile7810.png,Normal
tile7811.png,Normal
tile7812.png,Normal
tile7813.png,Normal
tile7814.png,Normal
tile7815.png,Normal
tile7816.png,Normal
tile7817.png,Normal
tile7818.png,Normal
tile7819.png,Normal
tile7820.png,Normal
tile7821.png,Normal
tile7822.png,Normal
tile7823.png,Normal
tile7824.png,Normal
tile7825.png,Normal
tile7826.png,Normal
tile7827.png,Normal
tile7828.png,Normal
tile7829.png,Normal
tile7830.png,Normal
tile7831.png,Normal
tile7832.png,Normal
tile7833.png,Normal
tile7834.png,Normal
tile7835.png,Normal
tile7836.png,Normal
tile7837.png,Normal
tile7838.png,Normal
tile7839.png,Normal
tile7840.png,Normal
tile7841.png,Normal
tile7842.png,Normal
tile7843.png,Normal
tile7844.png,Normal
tile7845.png,Normal
tile7846.png,Normal
tile7847.png,Normal
tile7848.png,Normal
tile7849.png,Normal
tile7850.png,Normal
tile7851.png,Normal
tile7852.png,Normal
tile7853.png,Normal
tile7854.png,Normal
tile7855.png,Normal
tile7856.png,Normal
tile7857.png,Normal
tile7858.png,Normal
tile7859.png,Normal
tile7860.png,Normal
tile7861.png,Normal
tile7862.png,Normal
tile7863.png,Normal
tile7864.png,Normal
tile7865.png,Normal
tile7866.png,Normal
tile7867.png,Normal
tile7868.png,Normal
tile7869.png,Normal
tile7870.png,Normal
tile7871.png,Normal
tile7872.png,Normal
tile7873.png,Normal
tile7874.png,Normal
tile7875.png,Normal
tile7876.png,Normal
tile7877.png,Normal
tile7878.png,Normal
tile7879.png,Normal
tile7880.png,Normal
tile7881.png,Normal
tile7882.png,Normal
tile7883.png,Normal
tile7884.png,Normal
tile7885.png,Normal
tile7886.png,Normal
tile7887.png,Normal
tile7888.png,Normal
tile7889.png,Normal
tile7890.png,Normal
tile7891.png,Normal
tile7892.png,Normal
tile7893.png,Normal
tile7894.png,Normal
tile7895.png,Normal
tile7896.png,Normal
tile7897.png,Normal
tile7898.png,Normal
tile7899.png,Normal
tile7900.png,Normal
tile7901.png,Normal
tile7902.png,Normal
tile7903.png,Normal
tile7904.png,Normal
tile7905.png,Normal
tile7906.png,Normal
tile7907.png,Normal
tile7908.png,Normal
tile7909.png,Normal
tile7910.png,Normal
tile7911.png,Normal
tile7912.png,Normal
tile7913.png,Normal
tile7914.png,Normal
tile7915.png,Normal
tile7916.png,Normal
tile7917.png,Normal
tile7918.png,Normal
tile7919.png,Normal
tile7920.png,Normal
tile7921.png,Normal
tile7922.png,Normal
tile7923.png,Normal
tile7924.png,Normal
tile7925.png,Normal
tile7926.png,Normal
tile7927.png,Normal
tile7928.png,Normal
tile7929.png,Normal
tile7930.png,Normal
tile7931.png,Normal
tile7932.png,Normal
tile7933.png,Normal
tile7934.png,Normal
tile7935.png,Normal
tile7936.png,Normal
tile7937.png,Normal
tile7938.png,Normal
tile7939.png,Normal
tile7940.png,Normal
tile7941.png,Normal
tile7942.png,Normal
tile7943.png,Normal
tile7944.png,Normal
tile7945.png,Normal
tile7946.png,Normal
tile7947.png,Normal
tile7948.png,Normal
tile7949.png,Normal
tile7950.png,Normal
tile7951.png,Normal
tile7952.png,Normal
tile7953.png,Normal
tile7954.png,Normal
tile7955.png,Normal
tile7956.png,Normal
tile7957.png,Normal
tile7958.png,Normal
tile7959.png,Normal
tile7960.png,Normal
tile7961.png,Normal
tile7962.png,Normal
tile7963.png,Normal
tile7964.png,Normal
tile7965.png,Normal
tile7966.png,Normal
tile7967.png,Normal
tile7968.png,Normal
tile7969.png,Normal
tile7970.png,Normal
tile7971.png,Normal
tile7972.png,Normal
tile7973.png,Normal
tile7974.png,Normal
tile7975.png,Normal
tile7976.png,Normal
tile7977.png,Normal
tile7978.png,Normal
tile7979.png,Normal
tile7980.png,Normal
tile7981.png,Normal
tile7982.png,Normal
tile7983.png,Normal
tile7984.png,Normal
tile7985.png,Normal
tile7986.png,Normal
tile7987.png,Normal
tile7988.png,Normal
tile7989.png,Normal
tile7990.png,Normal
tile7991.png,Normal
tile7992.png,Normal
tile7993.png,Normal
tile7994.png,Normal
tile7995.png,Normal
tile7996.png,Normal
tile7997.png,Normal
tile7998.png,Normal
tile7999.png,Normal
tile8000.png,Normal
tile8001.png,Normal
tile8002.png,Normal
tile8003.png,Normal
tile8004.png,Normal
tile8005.png,Normal
tile8006.png,Normal
tile8007.png,Normal
tile8008.png,Normal
tile8009.png,Normal
tile8010.png,Normal
tile8011.png,Normal
tile8012.png,Normal
tile8013.png,Normal
tile8014.png,Normal
tile8015.png,Normal
tile8016.png,Normal
tile8017.png,Normal
tile8018.png,Normal
tile8019.png,Normal
tile8020.png,Normal
tile8021.png,Normal
tile8022.png,Normal
tile8023.png,Normal
tile8024.png,Normal
tile8025.png,Normal
tile8026.png,Normal
tile8027.png,Normal
tile8028.png,Normal
tile8029.png,Normal
tile8030.png,Normal
tile8031.png,Normal
tile8032.png,Normal
tile8033.png,Normal
tile8034.png,Normal
tile8035.png,Normal
tile8036.png,Normal
tile8037.png,Normal
tile8038.png,Normal
tile8039.png,Normal
tile8040.png,Normal
tile8041.png,Normal
tile8042.png,Normal
tile8043.png,Normal
tile8044.png,Normal
tile8045.png,Normal
tile8046.png,Normal
tile8047.png,Normal
tile8048.png,Normal
tile8049.png,Normal
tile8050.png,Normal
tile8051.png,Normal
tile8052.png,Normal
tile8053.png,Normal
tile8054.png,Normal
tile8055.png,Normal
tile8056.png,Normal
tile8057.png,Normal
tile8058.png,Normal
tile8059.png,Normal
tile8060.png,Normal
tile8061.png,Normal
tile8062.png,Normal
tile8063.png,Normal
tile8064.png,Normal
tile8065.png,Normal
tile8066.png,Normal
tile8067.png,Normal
tile8068.png,Normal
tile8069.png,Normal
tile8070.png,Normal
tile8071.png,Normal
tile8072.png,Normal
tile8073.png,Normal
tile8074.png,Normal
tile8075.png,Normal
tile8076.png,Normal
tile8077.png,Normal
tile8078.png,Normal
tile8079.png,Normal
tile8080.png,Normal
tile8081.png,Normal
tile8082.png,Normal
tile8083.png,Normal
tile8084.png,Normal
tile8085.png,Normal
tile8086.png,Normal
tile8087.png,Normal
tile8088.png,Normal
tile8089.png,Normal
tile8090.png,Normal
tile8091.png,Normal
tile8092.png,Normal
tile8093.png,Normal
tile8094.png,Normal
tile8095.png,Normal
tile8096.png,Normal
tile8097.png,Normal
tile8098.png,Normal
tile8099.png,Normal
tile8100.png,Normal
tile8101.png,Normal
tile8102.png,Normal
tile8103.png,Normal
tile8104.png,Normal
tile8105.png,Normal
tile8106.png,Normal
tile8107.png,Normal
tile8108.png,Normal
tile8109.png,Normal
tile8110.png,Normal
tile8111.png,Normal
tile8112.png,Normal
tile8113.png,Normal
tile8114.png,Normal
tile8115.png,Normal
tile8116.png,Normal
tile8117.png,Normal
tile8118.png,Normal
tile8119.png,Normal
tile8120.png,Normal
tile8121.png,Normal
tile8122.png,Normal
tile8123.png,Normal
tile8124.png,Normal
tile8125.png,Normal
tile8126.png,Normal
tile8127.png,Normal
tile8128.png,Normal
tile8129.png,Normal
tile8130.png,Normal
tile8131.png,Normal
tile8132.png,Normal
tile8133.png,Normal
tile8134.png,Normal
tile8135.png,Normal
tile8136.png,Normal
tile8137.png,Normal
tile8138.png,Normal
tile8139.png,Normal
tile8140.png,Normal
tile8141.png,Normal
tile8142.png,Normal
tile8143.png,Normal
tile8144.png,Normal
tile8145.png,Normal
tile8146.png,Normal
tile8147.png,Normal
tile8148.png,Normal
tile8149.png,Normal
tile8150.png,Normal
tile8151.png,Normal
tile8152.png,Normal
tile8153.png,Normal
tile8154.png,Normal
tile8155.png,Normal
tile8156.png,Normal
tile8157.png,Normal
tile8158.png,Normal
tile8159.png,Normal
tile8160.png,Normal
tile8161.png,Normal
tile8162.png,Normal
tile8163.png,Normal
tile8164.png,Normal
tile8165.png,Normal
tile8166.png,Normal
tile8167.png,Normal
tile8168.png,Normal
tile8169.png,Normal
tile8170.png,Normal
tile8171.png,Normal
tile8172.png,Normal
tile8173.png,Normal
tile8174.png,Normal
tile8175.png,Normal
tile8176.png,Normal
tile8177.png,Normal
tile8178.png,Normal
tile8179.png,Normal
tile8180.png,Normal
tile8181.png,Normal
tile8182.png,Normal
tile8183.png,Normal
tile8184.png,Normal
tile8185.png,Normal
tile8186.png,Normal
tile8187.png,Normal
tile8188.png,Normal
tile8189.png,Normal
tile8190.png,Normal
tile8191.png,Normal
tile8192.png,Normal
tile8193.png,Normal
tile8194.png,Normal
tile8195.png,Normal
tile8196.png,Normal
tile8197.png,Normal
tile8198.png,Normal
tile8199.png,Normal
tile8200.png,Normal
